{
  "weights": {
    "XGBoost": 0.09973761439323425,
    "SVM": 0.48922935128211975,
    "RandomForest": 0.2812059819698334,
    "CNN": 0.12013077735900879,
    "BiLSTM": 0.009696277789771557
  },
  "optimal_threshold": 0.44172537326812744,
  "oof_auc": 0.6842139893367722,
  "test_accuracy": 0.6276330690826727,
  "test_f1_macro": 0.6271969833314022,
  "test_roc_auc": 0.6945004478658787
}